{
  "login_cc_tester_ad_all" : {
    "transaction" : "login_cc_tester_ad_all",
    "sampleCount" : 7,
    "errorCount" : 0,
    "errorPct" : 0.0,
    "meanResTime" : 2925.714285714286,
    "medianResTime" : 2876.0,
    "minResTime" : 2545.0,
    "maxResTime" : 3300.0,
    "pct1ResTime" : 3300.0,
    "pct2ResTime" : 3300.0,
    "pct3ResTime" : 3300.0,
    "throughput" : 2.047981275599766,
    "receivedKBytesPerSec" : 1.1639893578115856,
    "sentKBytesPerSec" : 0.7619930332065535
  },
  "Total" : {
    "transaction" : "Total",
    "sampleCount" : 40,
    "errorCount" : 0,
    "errorPct" : 0.0,
    "meanResTime" : 4516.25,
    "medianResTime" : 2998.5,
    "minResTime" : 1934.0,
    "maxResTime" : 8413.0,
    "pct1ResTime" : 8352.6,
    "pct2ResTime" : 8369.8,
    "pct3ResTime" : 8413.0,
    "throughput" : 3.401649800153074,
    "receivedKBytesPerSec" : 6.298948544731695,
    "sentKBytesPerSec" : 1.2948027840377583
  },
  "listproject" : {
    "transaction" : "listproject",
    "sampleCount" : 20,
    "errorCount" : 0,
    "errorPct" : 0.0,
    "meanResTime" : 6138.750000000001,
    "medianResTime" : 7913.5,
    "minResTime" : 1934.0,
    "maxResTime" : 8413.0,
    "pct1ResTime" : 8369.6,
    "pct2ResTime" : 8410.85,
    "pct3ResTime" : 8413.0,
    "throughput" : 2.3299161230195713,
    "receivedKBytesPerSec" : 7.344810293860672,
    "sentKBytesPerSec" : 0.9169494116961789
  },
  "login_admin" : {
    "transaction" : "login_admin",
    "sampleCount" : 7,
    "errorCount" : 0,
    "errorPct" : 0.0,
    "meanResTime" : 2948.4285714285716,
    "medianResTime" : 2926.0,
    "minResTime" : 2592.0,
    "maxResTime" : 3300.0,
    "pct1ResTime" : 3300.0,
    "pct2ResTime" : 3300.0,
    "pct3ResTime" : 3300.0,
    "throughput" : 2.0497803806734995,
    "receivedKBytesPerSec" : 1.165011896046852,
    "sentKBytesPerSec" : 0.7406433016105417
  },
  "login_cc_tester_2020" : {
    "transaction" : "login_cc_tester_2020",
    "sampleCount" : 6,
    "errorCount" : 0,
    "errorPct" : 0.0,
    "meanResTime" : 2792.6666666666665,
    "medianResTime" : 2763.0,
    "minResTime" : 2528.0,
    "maxResTime" : 3111.0,
    "pct1ResTime" : 3111.0,
    "pct2ResTime" : 3111.0,
    "pct3ResTime" : 3111.0,
    "throughput" : 1.8399264029438822,
    "receivedKBytesPerSec" : 0.9397280358785648,
    "sentKBytesPerSec" : 0.6809883854645814
  }
}